{
"lengthUnit": "mil",
"components": {
	"fields": ["COMPONENT_NO", "COMPONENT_NAME", "LAYER", "X_COORDINATE", "Y_COORDINATE", "ANGLE"],
	"rows": [
		[1, "U1", "T", 880, 3585, 270],
		[2, "U3", "T", 650, 3895, 0],
		[3, "USB1", "T", 310, 3610, 270],
		[4, "C2", "T", 980, 3895, 270],
		[5, "C5", "T", 505, 3725, 90],
		[6, "C6", "T", 505, 3895, 270],
		[7, "C7", "T", 845, 3895, 270],
		[8, "C1", "T", 620, 3720, 270],
		[9, "C3", "T", 1843.31, 3321.22, 270],
		[10, "LED1(PC7)", "T", 875, 3285, 0],
		[11, "R2", "T", 1090, 3285, 180],
		[12, "RF1", "T", 1930, 3610, 0],
		[13, "R1", "T", 625, 3510, 270],
		[14, "SW1(PF3)", "T", 535, 3330, 180],
		[15, "C4", "T", 500, 3505, 90],
		[16, "U2", "T", 1475, 3612.26, 270],
		[17, "U4", "T", 1115, 3595, 270]
	]
},
"pins": {
	"fields": ["PIN_NO", "PIN_NAME", "PIN_X", "PIN_Y", "LAYER", "PIN_TYPE", "NET_NAME", "NET_TYPE", "PAD_SHAPE", "PAD_SIZEX", "PAD_SIZEY", "HOLE_SIZE", "PAD_ANGLE"],
	"rows": [
		[1, "U1_5", 777.6, 3560, "T", "SMD", "D+", "", "O", 27.56, 70.87, 0, 270],
		[2, "U1_6", 777.6, 3510, "T", "SMD", "D-", "", "O", 27.56, 70.87, 0, 270],
		[3, "U1_4", 777.6, 3610, "T", "SMD", "3V3", "", "O", 27.56, 70.87, 0, 270],
		[4, "U1_3", 777.6, 3660, "T", "SMD", "ZTXD", "", "O", 27.56, 70.87, 0, 270],
		[5, "U1_14", 982.4, 3660, "T", "SMD", "RTS", "", "O", 27.56, 70.87, 0, 270],
		[6, "U1_9", 982.4, 3410, "T", "SMD", "CTS", "", "O", 27.56, 70.87, 0, 270],
		[7, "U1_16", 982.4, 3760, "T", "SMD", "3V3", "", "O", 27.56, 70.87, 0, 270],
		[8, "U1_2", 777.6, 3710, "T", "SMD", "ZRXD", "", "O", 27.56, 70.87, 0, 270],
		[9, "U1_1", 777.6, 3760, "T", "SMD", "GND", "GND", "O", 27.56, 70.87, 0, 270],
		[10, "U3_3", 600.8, 3895, "T", "SMD", "5V", "", "R", 27.56, 49.21, 0, 270],
		[11, "U3_2", 699.22, 3932.4, "T", "SMD", "3V3", "", "R", 27.56, 49.21, 0, 270],
		[12, "U3_1", 699.22, 3857.6, "T", "SMD", "GND", "GND", "R", 27.56, 49.21, 0, 270],
		[13, "USB1_1", 351.34, 3472.2, "T", "DIP", "5V", "", "C", 62.99, 62.99, 39.37, 270],
		[14, "USB1_1", 351.34, 3472.2, "B", "DIP", "5V", "", "C", 62.99, 62.99, 39.37, 270],
		[15, "USB1_2", 351.34, 3570.63, "T", "DIP", "D-", "", "C", 62.99, 62.99, 39.37, 270],
		[16, "USB1_2", 351.34, 3570.63, "B", "DIP", "D-", "", "C", 62.99, 62.99, 39.37, 270],
		[17, "USB1_3", 351.34, 3649.37, "T", "DIP", "D+", "", "C", 62.99, 62.99, 39.37, 270],
		[18, "USB1_3", 351.34, 3649.37, "B", "DIP", "D+", "", "C", 62.99, 62.99, 39.37, 270],
		[19, "USB1_4", 351.34, 3747.79, "T", "DIP", "GND", "GND", "C", 62.99, 62.99, 39.37, 270],
		[20, "USB1_4", 351.34, 3747.79, "B", "DIP", "GND", "GND", "C", 62.99, 62.99, 39.37, 270],
		[21, "USB1_5", 268.66, 3834.41, "T", "DIP", "GND", "GND", "O", 78.74, 137.79, 98.42, 270],
		[22, "USB1_5", 268.66, 3834.41, "B", "DIP", "GND", "GND", "O", 78.74, 137.79, 98.42, 270],
		[23, "USB1_6", 268.66, 3385.59, "T", "DIP", "GND", "GND", "O", 78.74, 137.79, 98.42, 270],
		[24, "USB1_6", 268.66, 3385.59, "B", "DIP", "GND", "GND", "O", 78.74, 137.79, 98.42, 270],
		[25, "C2_2", 980, 3854.45, "T", "SMD", "3V3", "", "R", 55.51, 53.15, 0, 270],
		[26, "C2_1", 980, 3935.55, "T", "SMD", "GND", "GND", "R", 55.51, 53.15, 0, 270],
		[27, "C5_2", 505, 3765.55, "T", "SMD", "5V", "", "R", 55.51, 53.15, 0, 90],
		[28, "C5_1", 505, 3684.45, "T", "SMD", "GND", "GND", "R", 55.51, 53.15, 0, 90],
		[29, "C6_2", 505, 3854.45, "T", "SMD", "5V", "", "R", 55.51, 53.15, 0, 270],
		[30, "C6_1", 505, 3935.55, "T", "SMD", "GND", "GND", "R", 55.51, 53.15, 0, 270],
		[31, "C7_2", 845, 3854.45, "T", "SMD", "3V3", "", "R", 55.51, 53.15, 0, 270],
		[32, "C7_1", 845, 3935.55, "T", "SMD", "GND", "GND", "R", 55.51, 53.15, 0, 270],
		[33, "C1_2", 620, 3679.45, "T", "SMD", "3V3", "", "R", 55.51, 53.15, 0, 270],
		[34, "C1_1", 620, 3760.55, "T", "SMD", "GND", "GND", "R", 55.51, 53.15, 0, 270],
		[35, "C3_2", 1843.31, 3280.67, "T", "SMD", "3V3", "", "R", 55.51, 53.15, 0, 270],
		[36, "C3_1", 1843.31, 3361.77, "T", "SMD", "GND", "GND", "R", 55.51, 53.15, 0, 270],
		[37, "LED1(PC7)_1", 831.69, 3285, "T", "SMD", "3V3", "", "R", 39.37, 49.21, 0, 180],
		[38, "LED1(PC7)_2", 918.31, 3285, "T", "SMD", "$1N4488", "", "R", 39.37, 49.21, 0, 180],
		[39, "R2_2", 1051.96, 3285, "T", "SMD", "$1N4488", "", "R", 44.59, 54.21, 0, 180],
		[40, "R2_1", 1128.04, 3285, "T", "SMD", "PC7", "", "R", 44.59, 54.21, 0, 180],
		[41, "RF1_3", 1930, 3710.39, "B", "SMD", "GND", "GND", "R", 188.98, 47.24, 0, 0],
		[42, "RF1_4", 1930, 3509.61, "B", "SMD", "GND", "GND", "R", 188.98, 47.24, 0, 0],
		[43, "RF1_1", 1930, 3509.61, "T", "SMD", "GND", "GND", "R", 188.98, 47.24, 0, 0],
		[44, "RF1_2", 1930, 3710.39, "T", "SMD", "GND", "GND", "R", 188.98, 47.24, 0, 0],
		[45, "R1_2", 625, 3471.96, "T", "SMD", "3V3", "", "R", 44.59, 54.21, 0, 270],
		[46, "R1_1", 625, 3548.04, "T", "SMD", "$1N4364", "", "R", 44.59, 54.21, 0, 270],
		[47, "SW1(PF3)_1", 687.56, 3330, "T", "SMD", "GND", "GND", "R", 39.37, 49.21, 0, 270],
		[48, "SW1(PF3)_2", 382.44, 3330, "T", "SMD", "$1N4364", "", "R", 39.37, 49.21, 0, 270],
		[49, "C4_2", 500, 3545.55, "T", "SMD", "GND", "GND", "R", 55.51, 53.15, 0, 90],
		[50, "C4_1", 500, 3464.45, "T", "SMD", "$1N4364", "", "R", 55.51, 53.15, 0, 90],
		[51, "U2_1", 1743.95, 3958.22, "T", "SMD", "GND", "GND", "R", 63.98, 27.56, 0, 270],
		[52, "U2_30", 1743.95, 3266.3, "T", "SMD", "3V3", "", "R", 63.98, 27.56, 0, 90],
		[53, "U2_29", 1693.95, 3266.3, "T", "SMD", "3V3", "", "R", 63.98, 27.56, 0, 90],
		[54, "U2_28", 1643.95, 3266.3, "T", "SMD", "GND", "GND", "R", 63.98, 27.56, 0, 90],
		[55, "U2_26", 1543.95, 3266.3, "T", "SMD", "RTS", "", "R", 63.98, 27.56, 0, 90],
		[56, "U2_25", 1493.95, 3266.3, "T", "SMD", "CTS", "", "R", 63.98, 27.56, 0, 90],
		[57, "U2_21", 1293.95, 3266.3, "T", "SMD", "PC7", "", "R", 63.98, 27.56, 0, 90],
		[58, "U2_20", 1243.95, 3266.3, "T", "SMD", "$1N4364", "", "R", 63.98, 27.56, 0, 90],
		[59, "U2_19", 1206.06, 3437.26, "T", "SMD", "SWDIO", "", "R", 63.98, 27.56, 0, 0],
		[60, "U2_18", 1206.06, 3487.26, "T", "SMD", "SWCLK", "", "R", 63.98, 27.56, 0, 0],
		[61, "U2_17", 1206.06, 3537.26, "T", "SMD", "ZRXD", "", "R", 63.98, 27.56, 0, 0],
		[62, "U2_15", 1206.06, 3637.26, "T", "SMD", "RST", "", "R", 63.98, 27.56, 0, 0],
		[63, "U2_16", 1206.06, 3587.26, "T", "SMD", "ZTXD", "", "R", 63.98, 27.56, 0, 0],
		[64, "U4_1", 1115, 3795, "T", "DIP", "3V3", "", "R", 66.93, 66.93, 43.31, 270],
		[65, "U4_1", 1115, 3795, "B", "DIP", "3V3", "", "R", 66.93, 66.93, 43.31, 270],
		[66, "U4_2", 1115, 3695, "T", "DIP", "GND", "GND", "C", 66.93, 66.93, 43.31, 270],
		[67, "U4_2", 1115, 3695, "B", "DIP", "GND", "GND", "C", 66.93, 66.93, 43.31, 270],
		[68, "U4_3", 1115, 3595, "T", "DIP", "RST", "", "C", 66.93, 66.93, 43.31, 270],
		[69, "U4_3", 1115, 3595, "B", "DIP", "RST", "", "C", 66.93, 66.93, 43.31, 270],
		[70, "U4_4", 1115, 3495, "T", "DIP", "SWCLK", "", "C", 66.93, 66.93, 43.31, 270],
		[71, "U4_4", 1115, 3495, "B", "DIP", "SWCLK", "", "C", 66.93, 66.93, 43.31, 270],
		[72, "U4_5", 1115, 3395, "T", "DIP", "SWDIO", "", "C", 66.93, 66.93, 43.31, 270],
		[73, "U4_5", 1115, 3395, "B", "DIP", "SWDIO", "", "C", 66.93, 66.93, 43.31, 270]
	]
}
}